<?xml version="1.0" encoding="UTF-8"?>
<module rename-to='mvp4gmodules'>
  <!-- Inherit the core Web Toolkit stuff.                        -->
  <inherits name='com.google.gwt.user.User'/>

  <!-- Inherit the default GWT style sheet.  You can change       -->
  <!-- the theme of your GWT application by uncommenting          -->
  <!-- any one of the following lines.                            -->
  <inherits name='com.google.gwt.user.theme.standard.Standard'/>
  <!-- <inherits name='com.google.gwt.user.theme.chrome.Chrome'/> -->
  <!-- <inherits name='com.google.gwt.user.theme.dark.Dark'/>     -->

  <!-- Other module inherits                                      -->
  <inherits name='com.mvp4g.Mvp4gModule'/>   

  <!-- Specify the app entry point class.                         -->
  <entry-point class='com.mvp4g.example.client.Mvp4gModules'/>

  <!-- Specify the paths for translatable code                    -->
  <source path='client'/>
  
  <define-property name="ginModule" values="com$mvp4g$client$DefaultMvp4gGinModule,com$mvp4g$example$client$FirefoxGinModule" />
  
  <!-- Provide a default -->
  <set-property name="ginModule" value="com$mvp4g$example$client$FirefoxGinModule">  
  	<when-property-is name="user.agent" value="gecko1_8" />  
  </set-property>
  
  <!-- Provide a default -->
  <set-property name="ginModule" value="com$mvp4g$client$DefaultMvp4gGinModule">
  	<none>  
  	<when-property-is name="user.agent" value="gecko1_8" />
  	</none>  
  </set-property>

</module>
